name,n,n_correct,id_correct
Villads,15,5,"[2, 4, 5, 6, 12]"
Villads,15,6,"[5, 8, 9, 10, 14, 15]"
Villads,15,9,"[1, 2, 3, 4, 9, 10, 11, 13, 14]"
Sammie,15,6,"[1, 2, 11, 12, 13, 15]"
Sammie,15,6,"[1, 2, 11, 12, 13, 14]"
Sammie,15,7,"[1, 2, 3, 11, 13, 14, 15]"
Sammie,15,8,"[3, 4, 5, 6, 9, 13, 14, 15]"
Sammie,15,7,"[5, 6, 7, 11, 12, 14, 15]"
Villads,15,4,"[3, 4, 5, 15]"
Villads,15,9,"[1, 2, 3, 9, 10, 12, 13, 14, 15]"
Villads,15,3,"[4, 12, 15]"
Villads,15,7,"[1, 2, 6, 9, 12, 14, 15]"
Villads,15,8,"[2, 5, 6, 7, 10, 11, 14, 15]"